firstname,lastname,email,hh_id
Kissiah,Jeremiah,kjeremiah0@harvard.edu,b292005a-a350-4da6-b3fe-8ff575b9054c
Cristen,Potter,cpotter1@time.com,95a89970-7a77-49cb-8dda-5819da20bab1
Yance,Bick,ybick2@arizona.edu,9892be54-c718-42cb-836d-1c1bef2640f6
Gerrard,Duny,gduny3@harvard.edu,dc742174-c470-4316-ae7a-724993add3db
Quinton,Dowey,qdowey4@google.co.jp,08f8fe37-ead3-4921-8ef5-d49c27af9db1
Wallie,Robyns,wrobyns5@w3.org,ab50413a-7ae7-404d-9c59-b8c126eed45f
Dorothee,Smith,dsmith6@mashable.com,f4c361f3-8e75-4af9-b391-f6c9ae307484
Minnie,Skelington,mskelington7@yellowbook.com,b89611cb-4a75-49ff-a57e-e0ffdf62979b
Levey,Tidcombe,ltidcombe8@miitbeian.gov.cn,71b9e218-3af7-4cdc-8ff0-6b89e87809ea
Retha,Righy,rrighy9@dot.gov,ee901111-a18f-4dc0-b9fe-cbea5a241da9